Name,AA.pos,wtAA,resAA,Gene,genotype,Type,ref,mut,Need_both,pos,extra
V36M,36,V,M,NS3,1A,Ts,g,a,n,3525,n
V36A,36,V,A,NS3,1A,Ts,t,c,n,3526,n
V36G,36,V,G,NS3,1A,Tv2,t,g,n,3526,n
V36L,36,V,L,NS3,1A,Tv1,g,c,n,3525,n
T54A,54,T,A,NS3,1A,Ts,a,g,n,3579,n
T54S,54,T,S,NS3,1A,Tv2,c,g,n,3580,n
V55A,55,V,A,NS3,1A,Ts,t,c,n,3583,n
Y56H,56,Y,H,NS3,1A,Ts,t,c,n,3585,n
Q80K,80,Q,K,NS3,1A,Tv1,c,a,n,3657,n
Q80R,80,Q,R,NS3,1A,Ts,a,g,n,3658,n
S122G,122,S,G,NS3,1A,Ts,a,g,n,3783,n
S122R,122,S,R,NS3,1A,Tv1,c,a,n,3785,y
S122R,122,S,R,NS3,1A,Tv2,c,g,n,3785,y
S122D,122,S,D,NS3,1A,Ts,a,g,y,3783,n
S122D,122,S,D,NS3,1A,Ts,g,a,y,3784,n
S122T,122,S,T,NS3,1A,Tv1,g,c,n,3784,n
I132V,132,I,V,NS3,1A,Ts,a,g,n,3813,n
R155G,155,R,G,NS3,1A,Ts,a,g,n,3882,n
R155K,155,R,K,NS3,1A,Ts,g,a,n,3883,n
R155T,155,R,T,NS3,1A,Tv1,g,c,n,3883,n
A156T,156,A,T,NS3,1A,Ts,g,a,n,3885,n
A156G,156,A,G,NS3,1A,Tv2,c,g,n,3886,n
A156V,156,A,V,NS3,1A,Ts,c,t,n,3886,n
D168H,168,D,H,NS3,1A,Tv1,g,c,n,3921,n
D168V,168,D,V,NS3,1A,Tv2,a,t,n,3922,n
D168T,168,D,T,NS3,1A,Ts,g,a,y,3921,n
D168T,168,D,T,NS3,1A,Tv1,a,c,y,3922,n
D168K,168,D,K,NS3,1A,Ts,g,a,y,3921,n
D168K,168,D,K,NS3,1A,Tv1,c,a,y,3923,y
D168K,168,D,K,NS3,1A,Tv2,c,g,y,3923,y
D168L,168,D,L,NS3,1A,Tv1,g,c,y,3921,n
D168L,168,D,L,NS3,1A,Tv2,a,t,y,3922,n
D168R,168,D,R,NS3,1A,Tv1,g,c,y,3921,n
D168R,168,D,R,NS3,1A,Ts,a,g,y,3922,n
D168A,168,D,A,NS3,1A,Tv1,a,c,n,3922,n
D168E,168,D,E,NS3,1A,Tv1,c,a,n,3923,y
D168E,168,D,E,NS3,1A,Tv2,c,g,n,3923,y
D168G,168,D,G,NS3,1A,Ts,a,g,n,3922,n
D168Y,168,D,Y,NS3,1A,Tv2,g,t,n,3921,n
I170T,170,I,T,NS3,1A,Ts,t,c,n,3928,n
L175M,175,L,M,NS3,1A,Tv1,c,a,y,3942,n
L175M,175,L,M,NS3,1A,Ts,a,g,y,3944,n
K24R,24,K,R,NS5A,1A,Ts,a,g,n,6328,n
K24N,24,K,N,NS5A,1A,Tv1,g,c,n,6329,y
K24N,24,K,N,NS5A,1A,Tv2,g,t,n,6329,y
M28A,24,M,A,NS5A,1A,Ts,a,g,y,6339,n
M28A,24,M,A,NS5A,1A,Ts,t,c,y,6340,n
M28V,24,M,V,NS5A,1A,Ts,a,g,n,6339,n
M28T,24,M,T,NS5A,1A,Ts,t,c,n,6340,n
M28G,28,M,G,NS5A,1A,Ts,a,g,y,6339,n
M28G,28,M,G,NS5A,1A,Tv2,t,g,y,6340,n
Q30H,30,Q,H,NS5A,1A,Tv1,a,c,n,6347,y
Q30H,30,Q,H,NS5A,1A,Tv2,a,t,n,6347,y
Q30G,30,Q,G,NS5A,1A,Tv1,c,g,y,6345,n
Q30G,30,Q,G,NS5A,1A,Ts,a,g,y,6346,n
Q30K,30,Q,K,NS5A,1A,Tv1,c,a,n,6345,n
Q30E,30,Q,E,NS5A,1A,Tv2,c,g,n,6345,n
Q30R,30,Q,R,NS5A,1A,Ts,a,g,n,6346,n
L31F,31,L,F,NS5A,1A,Ts,c,t,y,6348,n
L31F,31,L,F,NS5A,1A,Tv1,g,c,y,6350,y
L31F,31,L,F,NS5A,1A,Tv2,g,t,y,6350,y
L31M,31,L,M,NS5A,1A,Tv1,c,a,n,6348,n
L31I,31,L,I,NS5A,1A,Tv1,c,a,y,6348,n
L31I,31,L,I,NS5A,1A,Ts,g,a,y,6350,y
L31I,31,L,I,NS5A,1A,Tv1,g,c,y,6350,y
L31I,31,L,I,NS5A,1A,Tv2,g,t,y,6350,y
L31V,31,L,V,NS5A,1A,Tv2,c,g,n,6348,n
S38F,38,S,F,NS5A,1A,Ts,c,t,n,6370,n
H58D,58,H ,D,NS5A,1A,Tv2,c,g,n,6429,n
E62L,62,E,D,NS5A,1A,Tv1,g,c,y,6441,n
E62L,62,E,D,NS5A,1A,Tv2,a,t,y,6442,n
A92T,92,A,T,NS5A,1A,Ts,g,a,n,6531,n
Y93H,93,Y,H,NS5A,1A,Ts,t,c,n,6534,n
Y93N,93,Y,N,NS5A,1A,Tv1,t,a,n,6534,n
Y93R,93,Y,R,NS5A,1A,Ts,t,c,y,6534,n
Y93R,93,Y,R,NS5A,1A,Ts,a,g,y,6535,n
Y93C,93,Y,C,NS5A,1A,Ts,a,g,n,6535,n
Y93S,93,Y,S,NS5A,1A,Tv1,a,c,n,6535,n
L159F,159,L,F,NS5B,1A,Ts,c,t,n,8076,n
E237G,237,E,G,NS5B,1A,Ts,a,g,n,8311,n
S282T,282,S,T,NS5B,1A,Tv1,g,c,n,8446,n
C316Y,316,C,Y,NS5B,1A,Ts,g,a,n,8548,n
C316F,315,C,F,NS5B,1A,Tv2,g,t,n,8548,n
C316N,316,C,N,NS5B,1A,Tv1,t,a,y,8547,n
C316N,316,C,N,NS5B,1A,Ts,g,a,y,8548,n
V321I,321,V,I,NS5B,1A,Ts,g,a,n,8562,n
V321A,321,V,A,NS5B,1A,Ts,t,c,n,8563,n